{
    "PEN": {
        "accuracy": 0.8540772532188842,
        "precision": 0.5882352941176471,
        "recall": 0.2702702702702703,
        "f1_score": 0.37037037037037035,
        "roc_auc": 0.84707666850524
    },
    "AMP": {
        "accuracy": 0.8497854077253219,
        "precision": 0.8974358974358975,
        "recall": 0.7216494845360825,
        "f1_score": 0.8,
        "roc_auc": 0.8895921770770163
    },
    "SXT": {
        "accuracy": 0.7854077253218884,
        "precision": 0.7663551401869159,
        "recall": 0.7663551401869159,
        "f1_score": 0.7663551401869159,
        "roc_auc": 0.82977303070761
    },
    "CN": {
        "accuracy": 0.8626609442060086,
        "precision": 0.6,
        "recall": 0.40540540540540543,
        "f1_score": 0.4838709677419355,
        "roc_auc": 0.8446635410921126
    },
    "CHL": {
        "accuracy": 0.9141630901287554,
        "precision": 0.3333333333333333,
        "recall": 0.1111111111111111,
        "f1_score": 0.16666666666666666,
        "roc_auc": 0.5878552971576227
    },
    "TET": {
        "accuracy": 0.7081545064377682,
        "precision": 0.7619047619047619,
        "recall": 0.5714285714285714,
        "f1_score": 0.6530612244897959,
        "roc_auc": 0.756788665879575
    },
    "CIP": {
        "accuracy": 0.9141630901287554,
        "precision": 0.7741935483870968,
        "recall": 0.6486486486486487,
        "f1_score": 0.7058823529411765,
        "roc_auc": 0.8927881963596249
    },
    "CXM": {
        "accuracy": 0.9484978540772532,
        "precision": 0.8928571428571429,
        "recall": 0.7352941176470589,
        "f1_score": 0.8064516129032258,
        "roc_auc": 0.9718445167011528
    },
    "ERY": {
        "accuracy": 0.9742489270386266,
        "precision": 0.0,
        "recall": 0.0,
        "f1_score": 0.0,
        "roc_auc": 0.7232456140350878
    },
    "PB": {
        "accuracy": 1.0,
        "precision": 0.0,
        "recall": 0.0,
        "f1_score": 0.0,
        "roc_auc": NaN
    },
    "OX": {
        "accuracy": 0.9871244635193133,
        "precision": 0.0,
        "recall": 0.0,
        "f1_score": 0.0,
        "roc_auc": 0.9521739130434782
    },
    "FOX": {
        "accuracy": 0.9828326180257511,
        "precision": 0.0,
        "recall": 0.0,
        "f1_score": 0.0,
        "roc_auc": 0.9794372294372293
    },
    "CTX": {
        "accuracy": 0.9828326180257511,
        "precision": 0.9565217391304348,
        "recall": 0.88,
        "f1_score": 0.9166666666666666,
        "roc_auc": 0.981153846153846
    },
    "CAZ": {
        "accuracy": 0.9699570815450643,
        "precision": 0.8695652173913043,
        "recall": 0.8333333333333334,
        "f1_score": 0.851063829787234,
        "roc_auc": 0.963317384370016
    },
    "VA": {
        "accuracy": 1.0,
        "precision": 0.0,
        "recall": 0.0,
        "f1_score": 0.0,
        "roc_auc": NaN
    },
    "AMC": {
        "accuracy": 0.9012875536480687,
        "precision": 0.4642857142857143,
        "recall": 0.6190476190476191,
        "f1_score": 0.5306122448979592,
        "roc_auc": 0.9194743935309972
    },
    "F300": {
        "accuracy": 0.9957081545064378,
        "precision": 0.0,
        "recall": 0.0,
        "f1_score": 0.0,
        "roc_auc": 0.1702586206896552
    }
}